run,R,S,T,P,noise,prob_end,repetitions,turns,n_strategies,selected_strategies
1,3,0,5,1,0.06,0.0,45,63,10,"Cycler DC|Cooperator|Evolved FSM 16|Bully|DoubleCrosser: (D, D)|Alternator|Soft Joss: 0.9|Anti Tit For Tat|Meta Mixer: 9 players|Grudger"
2,3,0,5,1,0.05,0.0,35,184,20,"DoubleCrosser: (D, D)|Tit For Tat|Soft Joss: 0.9|Win-Shift Lose-Stay: D|Alternator|Tit For 2 Tats|Evolved FSM 16|Bully|Grudger|Suspicious Tit For Tat|Defector|Cycler DC|Meta Winner: 18 players|Anti Tit For Tat|Meta Mixer: 18 players|Random: 0.5|Evolved HMM 5|GTFT: 0.33|Cooperator|Win-Stay Lose-Shift"
3,3,0,5,1,0.08,0.06,15,187,17,"Evolved FSM 16|Cooperator|Tit For 2 Tats|Bully|Win-Stay Lose-Shift|DoubleCrosser: (D, D)|GTFT: 0.33|Random: 0.5|Defector|Meta Winner: 15 players|Meta Mixer: 15 players|Anti Tit For Tat|Alternator|Grudger|Win-Shift Lose-Stay: D|Evolved HMM 5|Tit For Tat"
4,3,0,5,1,0.09,0.09,58,72,17,Grudger|Defector|Meta Winner: 15 players|Evolved FSM 16|Suspicious Tit For Tat|GTFT: 0.33|Cycler DC|Evolved HMM 5|Soft Joss: 0.9|Tit For 2 Tats|Anti Tit For Tat|Bully|Cooperator|Win-Stay Lose-Shift|Tit For Tat|Meta Mixer: 15 players|Win-Shift Lose-Stay: D
5,3,0,5,1,0.1,0.06,81,57,13,Anti Tit For Tat|Tit For Tat|Meta Winner: 11 players|GTFT: 0.33|Tit For 2 Tats|Cycler DC|Evolved FSM 16|Cooperator|Win-Stay Lose-Shift|Defector|Random: 0.5|Meta Mixer: 11 players|Suspicious Tit For Tat
6,3,0,5,1,0.09,0.06,28,68,7,"Tit For Tat|Evolved FSM 16|Meta Mixer: 6 players|Win-Shift Lose-Stay: D|DoubleCrosser: (D, D)|Soft Joss: 0.9|Win-Stay Lose-Shift"
7,3,0,5,1,0.04,0.02,27,131,18,Bully|Anti Tit For Tat|Cooperator|Cycler DC|Defector|Tit For 2 Tats|GTFT: 0.33|Suspicious Tit For Tat|Win-Stay Lose-Shift|Meta Mixer: 16 players|Soft Joss: 0.9|Grudger|Tit For Tat|Evolved HMM 5|Meta Winner: 16 players|Win-Shift Lose-Stay: D|Alternator|Random: 0.5
8,3,0,5,1,0.07,0.07,78,193,11,"GTFT: 0.33|Cooperator|Win-Stay Lose-Shift|DoubleCrosser: (D, D)|Defector|Tit For Tat|Alternator|Grudger|Tit For 2 Tats|Cycler DC|Win-Shift Lose-Stay: D"
9,3,0,5,1,0.08,0.05,23,161,12,Evolved HMM 5|Suspicious Tit For Tat|Cycler DC|Grudger|Defector|Win-Shift Lose-Stay: D|Tit For 2 Tats|Soft Joss: 0.9|Alternator|Win-Stay Lose-Shift|Random: 0.5|Tit For Tat
10,3,0,5,1,0.0,0.09,49,62,4,Tit For Tat|Meta Mixer: 3 players|Bully|Evolved FSM 16
11,3,0,5,1,0.07,0.08,78,197,7,"Cycler DC|Random: 0.5|Evolved FSM 16|Defector|Win-Shift Lose-Stay: D|Meta Mixer: 6 players|DoubleCrosser: (D, D)"
12,3,0,5,1,0.06,0.1,79,194,9,"Win-Stay Lose-Shift|Tit For 2 Tats|Grudger|Soft Joss: 0.9|Evolved HMM 5|Anti Tit For Tat|Cooperator|DoubleCrosser: (D, D)|Random: 0.5"
13,3,0,5,1,0.03,0.06,39,151,10,Alternator|Bully|Anti Tit For Tat|Tit For Tat|Meta Mixer: 8 players|Soft Joss: 0.9|Meta Winner: 8 players|Defector|Evolved FSM 16|Win-Shift Lose-Stay: D
14,3,0,5,1,0.02,0.07,37,139,7,Meta Mixer: 5 players|Meta Winner: 5 players|Random: 0.5|Tit For Tat|Evolved FSM 16|Tit For 2 Tats|Suspicious Tit For Tat
15,3,0,5,1,0.02,0.01,65,91,16,"DoubleCrosser: (D, D)|Soft Joss: 0.9|Anti Tit For Tat|Cooperator|Evolved FSM 16|Suspicious Tit For Tat|Grudger|Defector|Random: 0.5|Evolved HMM 5|GTFT: 0.33|Win-Stay Lose-Shift|Tit For Tat|Meta Winner: 14 players|Win-Shift Lose-Stay: D|Meta Mixer: 14 players"
16,3,0,5,1,0.03,0.02,19,114,20,"Cooperator|Anti Tit For Tat|Evolved FSM 16|Alternator|Bully|Soft Joss: 0.9|Tit For 2 Tats|Meta Winner: 18 players|Random: 0.5|Suspicious Tit For Tat|Tit For Tat|Win-Stay Lose-Shift|DoubleCrosser: (D, D)|GTFT: 0.33|Win-Shift Lose-Stay: D|Evolved HMM 5|Meta Mixer: 18 players|Defector|Cycler DC|Grudger"
17,3,0,5,1,0.03,0.08,68,74,16,"Evolved FSM 16|Random: 0.5|Cycler DC|Suspicious Tit For Tat|Win-Stay Lose-Shift|Cooperator|Alternator|Meta Mixer: 14 players|Grudger|Win-Shift Lose-Stay: D|DoubleCrosser: (D, D)|Defector|Tit For 2 Tats|Tit For Tat|Meta Winner: 14 players|Soft Joss: 0.9"
18,3,0,5,1,0.05,0.09,30,15,19,"Bully|Defector|Meta Winner: 17 players|Evolved FSM 16|Tit For Tat|Suspicious Tit For Tat|Anti Tit For Tat|Win-Stay Lose-Shift|Cooperator|Tit For 2 Tats|GTFT: 0.33|Alternator|DoubleCrosser: (D, D)|Grudger|Meta Mixer: 17 players|Cycler DC|Evolved HMM 5|Random: 0.5|Win-Shift Lose-Stay: D"
19,3,0,5,1,0.07,0.03,43,102,7,Win-Stay Lose-Shift|Soft Joss: 0.9|GTFT: 0.33|Bully|Alternator|Tit For Tat|Meta Winner: 6 players
20,3,0,5,1,0.1,0.1,19,138,9,Evolved HMM 5|Win-Shift Lose-Stay: D|Cycler DC|Grudger|Bully|Soft Joss: 0.9|Cooperator|Defector|Evolved FSM 16
21,3,0,5,1,0.02,0.08,100,78,19,"Alternator|Evolved FSM 16|Win-Stay Lose-Shift|Cooperator|Cycler DC|Random: 0.5|Anti Tit For Tat|DoubleCrosser: (D, D)|Grudger|Win-Shift Lose-Stay: D|Bully|Soft Joss: 0.9|GTFT: 0.33|Tit For Tat|Tit For 2 Tats|Meta Mixer: 18 players|Defector|Suspicious Tit For Tat|Evolved HMM 5"
22,3,0,5,1,0.05,0.03,16,24,16,Win-Shift Lose-Stay: D|Anti Tit For Tat|Alternator|GTFT: 0.33|Cycler DC|Evolved HMM 5|Random: 0.5|Bully|Grudger|Tit For Tat|Meta Winner: 14 players|Suspicious Tit For Tat|Evolved FSM 16|Soft Joss: 0.9|Win-Stay Lose-Shift|Meta Mixer: 14 players
23,3,0,5,1,0.05,0.08,84,142,7,"DoubleCrosser: (D, D)|Cycler DC|Anti Tit For Tat|Win-Stay Lose-Shift|Grudger|Soft Joss: 0.9|Tit For 2 Tats"
24,3,0,5,1,0.1,0.0,55,54,10,"Cooperator|Grudger|Evolved FSM 16|DoubleCrosser: (D, D)|Cycler DC|Soft Joss: 0.9|Meta Winner: 9 players|Bully|Tit For 2 Tats|Suspicious Tit For Tat"
25,3,0,5,1,0.0,0.07,52,106,10,"Win-Shift Lose-Stay: D|Defector|Cooperator|Tit For 2 Tats|Anti Tit For Tat|DoubleCrosser: (D, D)|Tit For Tat|Evolved FSM 16|Evolved HMM 5|Soft Joss: 0.9"
26,3,0,5,1,0.03,0.08,39,58,3,Suspicious Tit For Tat|Tit For 2 Tats|GTFT: 0.33
27,3,0,5,1,0.03,0.01,45,90,19,"Tit For 2 Tats|Evolved FSM 16|GTFT: 0.33|Alternator|Cooperator|Soft Joss: 0.9|Cycler DC|Bully|Win-Stay Lose-Shift|DoubleCrosser: (D, D)|Evolved HMM 5|Anti Tit For Tat|Suspicious Tit For Tat|Meta Winner: 17 players|Defector|Tit For Tat|Random: 0.5|Meta Mixer: 17 players|Grudger"
28,3,0,5,1,0.04,0.06,42,12,16,"Alternator|Evolved HMM 5|Evolved FSM 16|Suspicious Tit For Tat|Grudger|Meta Mixer: 15 players|Anti Tit For Tat|GTFT: 0.33|Defector|Win-Stay Lose-Shift|Random: 0.5|DoubleCrosser: (D, D)|Cycler DC|Tit For Tat|Bully|Cooperator"
29,3,0,5,1,0.03,0.07,80,33,9,"DoubleCrosser: (D, D)|Tit For 2 Tats|Defector|Win-Stay Lose-Shift|Meta Mixer: 7 players|Win-Shift Lose-Stay: D|Meta Winner: 7 players|Alternator|Cycler DC"
30,3,0,5,1,0.03,0.04,84,156,13,Soft Joss: 0.9|Meta Winner: 11 players|Meta Mixer: 11 players|Suspicious Tit For Tat|Random: 0.5|Tit For 2 Tats|Evolved FSM 16|Grudger|Bully|GTFT: 0.33|Anti Tit For Tat|Cycler DC|Defector
31,3,0,5,1,0.01,0.1,40,173,12,"Tit For Tat|Suspicious Tit For Tat|Cycler DC|Alternator|Anti Tit For Tat|Cooperator|Meta Winner: 10 players|Win-Stay Lose-Shift|Random: 0.5|DoubleCrosser: (D, D)|Meta Mixer: 10 players|Soft Joss: 0.9"
32,3,0,5,1,0.07,0.04,61,63,7,"Alternator|Cooperator|DoubleCrosser: (D, D)|Tit For Tat|Defector|Tit For 2 Tats|Grudger"
33,3,0,5,1,0.05,0.01,41,32,17,"Cycler DC|Soft Joss: 0.9|Evolved HMM 5|GTFT: 0.33|Meta Mixer: 16 players|Win-Stay Lose-Shift|DoubleCrosser: (D, D)|Grudger|Win-Shift Lose-Stay: D|Suspicious Tit For Tat|Tit For 2 Tats|Tit For Tat|Bully|Defector|Cooperator|Evolved FSM 16|Random: 0.5"
34,3,0,5,1,0.08,0.08,45,197,19,"Random: 0.5|Tit For Tat|Win-Shift Lose-Stay: D|Soft Joss: 0.9|Bully|Grudger|Cycler DC|Cooperator|DoubleCrosser: (D, D)|Defector|GTFT: 0.33|Evolved FSM 16|Anti Tit For Tat|Meta Mixer: 17 players|Suspicious Tit For Tat|Win-Stay Lose-Shift|Tit For 2 Tats|Meta Winner: 17 players|Alternator"
35,3,0,5,1,0.07,0.01,62,85,20,"Soft Joss: 0.9|DoubleCrosser: (D, D)|Anti Tit For Tat|Suspicious Tit For Tat|Meta Mixer: 18 players|Evolved HMM 5|Tit For 2 Tats|Win-Stay Lose-Shift|Grudger|Alternator|Random: 0.5|Meta Winner: 18 players|Tit For Tat|GTFT: 0.33|Bully|Defector|Cooperator|Evolved FSM 16|Win-Shift Lose-Stay: D|Cycler DC"
36,3,0,5,1,0.02,0.04,13,100,13,"Tit For 2 Tats|Defector|Soft Joss: 0.9|Cycler DC|Alternator|Evolved FSM 16|Suspicious Tit For Tat|Win-Stay Lose-Shift|Meta Winner: 12 players|GTFT: 0.33|Random: 0.5|Anti Tit For Tat|DoubleCrosser: (D, D)"
37,3,0,5,1,0.01,0.05,16,67,15,"GTFT: 0.33|Suspicious Tit For Tat|Soft Joss: 0.9|Meta Winner: 13 players|Evolved HMM 5|Tit For 2 Tats|Meta Mixer: 13 players|Cycler DC|DoubleCrosser: (D, D)|Evolved FSM 16|Anti Tit For Tat|Tit For Tat|Alternator|Defector|Random: 0.5"
38,3,0,5,1,0.01,0.1,38,167,5,Anti Tit For Tat|Alternator|Tit For Tat|Suspicious Tit For Tat|Meta Mixer: 4 players
39,3,0,5,1,0.06,0.02,70,172,6,Meta Mixer: 5 players|Suspicious Tit For Tat|Soft Joss: 0.9|Win-Shift Lose-Stay: D|Grudger|Bully
40,3,0,5,1,0.06,0.1,24,200,8,Win-Stay Lose-Shift|Cooperator|Alternator|Meta Winner: 6 players|Tit For 2 Tats|Suspicious Tit For Tat|Grudger|Meta Mixer: 6 players
41,3,0,5,1,0.01,0.07,90,63,6,"Win-Stay Lose-Shift|Cooperator|Anti Tit For Tat|Grudger|DoubleCrosser: (D, D)|GTFT: 0.33"
42,3,0,5,1,0.04,0.05,53,4,16,"Random: 0.5|Cooperator|DoubleCrosser: (D, D)|Grudger|Soft Joss: 0.9|Evolved HMM 5|Bully|Suspicious Tit For Tat|Evolved FSM 16|Win-Shift Lose-Stay: D|Cycler DC|GTFT: 0.33|Tit For Tat|Meta Mixer: 15 players|Tit For 2 Tats|Win-Stay Lose-Shift"
43,3,0,5,1,0.03,0.09,21,72,17,"Tit For Tat|Soft Joss: 0.9|Tit For 2 Tats|GTFT: 0.33|Alternator|Meta Winner: 15 players|DoubleCrosser: (D, D)|Defector|Bully|Meta Mixer: 15 players|Cooperator|Evolved FSM 16|Cycler DC|Grudger|Suspicious Tit For Tat|Evolved HMM 5|Win-Shift Lose-Stay: D"
44,3,0,5,1,0.06,0.05,34,22,10,"DoubleCrosser: (D, D)|Random: 0.5|Evolved FSM 16|Tit For Tat|Meta Mixer: 9 players|GTFT: 0.33|Grudger|Evolved HMM 5|Tit For 2 Tats|Alternator"
45,3,0,5,1,0.01,0.02,98,63,12,"Meta Mixer: 10 players|Grudger|Random: 0.5|Evolved HMM 5|Meta Winner: 10 players|Suspicious Tit For Tat|Evolved FSM 16|Win-Shift Lose-Stay: D|Defector|DoubleCrosser: (D, D)|Tit For Tat|Cycler DC"
46,3,0,5,1,0.03,0.02,34,81,6,Evolved FSM 16|Defector|Suspicious Tit For Tat|Meta Winner: 5 players|Random: 0.5|Cycler DC
47,3,0,5,1,0.07,0.1,77,153,12,"Cooperator|Suspicious Tit For Tat|Win-Stay Lose-Shift|Tit For Tat|Grudger|Bully|Cycler DC|Alternator|Random: 0.5|Win-Shift Lose-Stay: D|Soft Joss: 0.9|DoubleCrosser: (D, D)"
48,3,0,5,1,0.0,0.01,47,179,7,Random: 0.5|Cooperator|Alternator|Win-Stay Lose-Shift|Meta Winner: 6 players|Tit For Tat|Soft Joss: 0.9
49,3,0,5,1,0.03,0.1,42,123,6,Bully|Tit For 2 Tats|Random: 0.5|Meta Winner: 5 players|Anti Tit For Tat|Evolved HMM 5
50,3,0,5,1,0.01,0.06,48,22,10,"Cooperator|Evolved FSM 16|DoubleCrosser: (D, D)|Tit For Tat|Tit For 2 Tats|Evolved HMM 5|Soft Joss: 0.9|Cycler DC|Win-Stay Lose-Shift|Suspicious Tit For Tat"
51,3,0,5,1,0.03,0.06,88,190,6,Suspicious Tit For Tat|Meta Winner: 5 players|Win-Shift Lose-Stay: D|Bully|Defector|Cooperator
52,3,0,5,1,0.02,0.01,10,105,17,"Meta Winner: 15 players|Random: 0.5|Win-Stay Lose-Shift|Anti Tit For Tat|Tit For Tat|Cycler DC|Grudger|Soft Joss: 0.9|DoubleCrosser: (D, D)|Meta Mixer: 15 players|Evolved HMM 5|Cooperator|Tit For 2 Tats|Suspicious Tit For Tat|Defector|GTFT: 0.33|Evolved FSM 16"
53,3,0,5,1,0.04,0.05,92,39,11,Cycler DC|Bully|Anti Tit For Tat|Defector|Win-Stay Lose-Shift|Random: 0.5|Grudger|Soft Joss: 0.9|Meta Winner: 10 players|Tit For Tat|Evolved FSM 16
54,3,0,5,1,0.05,0.03,61,70,19,"Evolved FSM 16|Random: 0.5|Soft Joss: 0.9|Bully|Anti Tit For Tat|Meta Winner: 17 players|Suspicious Tit For Tat|Grudger|Defector|Win-Stay Lose-Shift|Cycler DC|Alternator|Meta Mixer: 17 players|Tit For Tat|Tit For 2 Tats|GTFT: 0.33|Win-Shift Lose-Stay: D|Evolved HMM 5|DoubleCrosser: (D, D)"
55,3,0,5,1,0.06,0.08,32,121,19,"Soft Joss: 0.9|Win-Shift Lose-Stay: D|Defector|DoubleCrosser: (D, D)|Random: 0.5|Anti Tit For Tat|Tit For Tat|Evolved FSM 16|Suspicious Tit For Tat|Tit For 2 Tats|GTFT: 0.33|Meta Winner: 17 players|Bully|Evolved HMM 5|Cooperator|Win-Stay Lose-Shift|Grudger|Cycler DC|Meta Mixer: 17 players"
56,3,0,5,1,0.08,0.06,68,23,13,"Win-Shift Lose-Stay: D|GTFT: 0.33|Cooperator|Tit For 2 Tats|Alternator|Meta Mixer: 11 players|DoubleCrosser: (D, D)|Meta Winner: 11 players|Tit For Tat|Suspicious Tit For Tat|Random: 0.5|Evolved FSM 16|Defector"
57,3,0,5,1,0.06,0.05,66,195,4,Suspicious Tit For Tat|Win-Shift Lose-Stay: D|Evolved FSM 16|Cycler DC
58,3,0,5,1,0.09,0.04,99,125,6,Alternator|Tit For Tat|Defector|Win-Stay Lose-Shift|Meta Winner: 5 players|Win-Shift Lose-Stay: D
59,3,0,5,1,0.04,0.02,24,119,6,Cycler DC|Random: 0.5|Win-Stay Lose-Shift|Evolved HMM 5|Win-Shift Lose-Stay: D|Suspicious Tit For Tat
60,3,0,5,1,0.08,0.1,41,117,20,"Cycler DC|Tit For 2 Tats|Suspicious Tit For Tat|Evolved HMM 5|Meta Winner: 18 players|DoubleCrosser: (D, D)|Anti Tit For Tat|Random: 0.5|Evolved FSM 16|Defector|Win-Shift Lose-Stay: D|Meta Mixer: 18 players|Alternator|Bully|GTFT: 0.33|Grudger|Cooperator|Tit For Tat|Soft Joss: 0.9|Win-Stay Lose-Shift"
61,3,0,5,1,0.03,0.06,79,97,17,"GTFT: 0.33|Suspicious Tit For Tat|Tit For Tat|Tit For 2 Tats|Evolved FSM 16|DoubleCrosser: (D, D)|Evolved HMM 5|Meta Mixer: 15 players|Alternator|Defector|Random: 0.5|Soft Joss: 0.9|Win-Shift Lose-Stay: D|Meta Winner: 15 players|Win-Stay Lose-Shift|Anti Tit For Tat|Cooperator"
62,3,0,5,1,0.1,0.01,85,85,6,Soft Joss: 0.9|Cooperator|Evolved HMM 5|Meta Winner: 5 players|Alternator|Grudger
63,3,0,5,1,0.01,0.09,29,20,18,"Win-Shift Lose-Stay: D|GTFT: 0.33|Tit For 2 Tats|Bully|Meta Mixer: 16 players|DoubleCrosser: (D, D)|Random: 0.5|Meta Winner: 16 players|Suspicious Tit For Tat|Defector|Tit For Tat|Evolved FSM 16|Alternator|Cycler DC|Win-Stay Lose-Shift|Anti Tit For Tat|Evolved HMM 5|Soft Joss: 0.9"
64,3,0,5,1,0.07,0.04,22,195,6,Soft Joss: 0.9|Defector|Win-Stay Lose-Shift|Alternator|Anti Tit For Tat|Meta Mixer: 5 players
65,3,0,5,1,0.08,0.03,57,111,7,"Tit For Tat|Evolved HMM 5|DoubleCrosser: (D, D)|Defector|Meta Mixer: 6 players|Bully|Anti Tit For Tat"
66,3,0,5,1,0.06,0.04,97,62,18,"Meta Mixer: 16 players|Cycler DC|Tit For Tat|Soft Joss: 0.9|Win-Shift Lose-Stay: D|Evolved FSM 16|Meta Winner: 16 players|GTFT: 0.33|Alternator|Evolved HMM 5|DoubleCrosser: (D, D)|Random: 0.5|Bully|Grudger|Cooperator|Tit For 2 Tats|Win-Stay Lose-Shift|Defector"
67,3,0,5,1,0.1,0.07,68,78,9,Tit For 2 Tats|Random: 0.5|Cooperator|Tit For Tat|Meta Winner: 8 players|Win-Stay Lose-Shift|Defector|Soft Joss: 0.9|Cycler DC
68,3,0,5,1,0.1,0.03,94,102,11,"Alternator|Meta Mixer: 10 players|Anti Tit For Tat|Random: 0.5|Win-Stay Lose-Shift|Tit For 2 Tats|Soft Joss: 0.9|Cooperator|Evolved HMM 5|Defector|DoubleCrosser: (D, D)"
69,3,0,5,1,0.06,0.06,96,194,7,Cooperator|Anti Tit For Tat|Win-Stay Lose-Shift|Soft Joss: 0.9|Meta Mixer: 6 players|Evolved FSM 16|Defector
70,3,0,5,1,0.07,0.01,47,84,16,"Defector|Suspicious Tit For Tat|Cycler DC|Grudger|Win-Shift Lose-Stay: D|DoubleCrosser: (D, D)|Bully|Evolved FSM 16|Tit For Tat|Tit For 2 Tats|Meta Winner: 15 players|Anti Tit For Tat|Evolved HMM 5|Alternator|Random: 0.5|Win-Stay Lose-Shift"
71,3,0,5,1,0.09,0.07,60,143,14,"Bully|Tit For 2 Tats|Alternator|Win-Shift Lose-Stay: D|Cooperator|Tit For Tat|Defector|GTFT: 0.33|Grudger|Meta Mixer: 13 players|Cycler DC|Suspicious Tit For Tat|DoubleCrosser: (D, D)|Evolved FSM 16"
72,3,0,5,1,0.07,0.05,89,144,13,Meta Winner: 11 players|Tit For Tat|Bully|Soft Joss: 0.9|Win-Stay Lose-Shift|GTFT: 0.33|Suspicious Tit For Tat|Anti Tit For Tat|Evolved FSM 16|Alternator|Evolved HMM 5|Cycler DC|Meta Mixer: 11 players
73,3,0,5,1,0.01,0.02,78,35,15,"Soft Joss: 0.9|Grudger|Evolved FSM 16|DoubleCrosser: (D, D)|Cycler DC|Meta Winner: 14 players|Suspicious Tit For Tat|GTFT: 0.33|Anti Tit For Tat|Tit For Tat|Win-Stay Lose-Shift|Evolved HMM 5|Random: 0.5|Alternator|Defector"
74,3,0,5,1,0.04,0.04,40,93,6,Grudger|Evolved FSM 16|Meta Winner: 5 players|Anti Tit For Tat|Tit For 2 Tats|Cycler DC
75,3,0,5,1,0.02,0.01,68,24,9,Meta Winner: 8 players|Alternator|Anti Tit For Tat|GTFT: 0.33|Tit For Tat|Bully|Tit For 2 Tats|Win-Stay Lose-Shift|Cooperator
76,3,0,5,1,0.01,0.08,36,151,9,"Tit For Tat|GTFT: 0.33|Cycler DC|Alternator|Win-Shift Lose-Stay: D|DoubleCrosser: (D, D)|Bully|Soft Joss: 0.9|Random: 0.5"
77,3,0,5,1,0.03,0.02,94,7,7,Alternator|Grudger|Tit For Tat|GTFT: 0.33|Meta Winner: 6 players|Bully|Cycler DC
78,3,0,5,1,0.01,0.07,77,30,5,Random: 0.5|Soft Joss: 0.9|Grudger|Evolved HMM 5|Cooperator
79,3,0,5,1,0.05,0.02,88,12,19,"Win-Stay Lose-Shift|Soft Joss: 0.9|Alternator|Anti Tit For Tat|Random: 0.5|DoubleCrosser: (D, D)|Suspicious Tit For Tat|Meta Mixer: 17 players|GTFT: 0.33|Evolved HMM 5|Tit For Tat|Meta Winner: 17 players|Grudger|Evolved FSM 16|Bully|Cycler DC|Win-Shift Lose-Stay: D|Tit For 2 Tats|Defector"
80,3,0,5,1,0.03,0.06,80,183,13,"Tit For 2 Tats|Evolved HMM 5|Win-Stay Lose-Shift|Soft Joss: 0.9|DoubleCrosser: (D, D)|Anti Tit For Tat|Meta Winner: 11 players|Grudger|Meta Mixer: 11 players|GTFT: 0.33|Win-Shift Lose-Stay: D|Cooperator|Suspicious Tit For Tat"
81,3,0,5,1,0.05,0.02,53,117,15,"DoubleCrosser: (D, D)|Cooperator|GTFT: 0.33|Meta Winner: 14 players|Evolved FSM 16|Random: 0.5|Cycler DC|Defector|Bully|Soft Joss: 0.9|Tit For Tat|Anti Tit For Tat|Win-Shift Lose-Stay: D|Suspicious Tit For Tat|Alternator"
82,3,0,5,1,0.01,0.01,57,34,20,"Anti Tit For Tat|Meta Mixer: 18 players|Evolved FSM 16|GTFT: 0.33|Cooperator|Suspicious Tit For Tat|Defector|Evolved HMM 5|Soft Joss: 0.9|Alternator|Cycler DC|Win-Stay Lose-Shift|DoubleCrosser: (D, D)|Tit For 2 Tats|Win-Shift Lose-Stay: D|Tit For Tat|Meta Winner: 18 players|Grudger|Random: 0.5|Bully"
83,3,0,5,1,0.08,0.04,81,95,6,"Win-Shift Lose-Stay: D|Meta Mixer: 5 players|Tit For Tat|DoubleCrosser: (D, D)|Alternator|Win-Stay Lose-Shift"
84,3,0,5,1,0.09,0.08,44,8,8,"Win-Shift Lose-Stay: D|Win-Stay Lose-Shift|GTFT: 0.33|Grudger|Alternator|Bully|DoubleCrosser: (D, D)|Soft Joss: 0.9"
85,3,0,5,1,0.06,0.04,28,190,3,Bully|Evolved HMM 5|Suspicious Tit For Tat
86,3,0,5,1,0.04,0.05,30,95,12,GTFT: 0.33|Meta Mixer: 10 players|Bully|Anti Tit For Tat|Cycler DC|Evolved FSM 16|Tit For 2 Tats|Win-Stay Lose-Shift|Alternator|Meta Winner: 10 players|Evolved HMM 5|Random: 0.5
87,3,0,5,1,0.04,0.04,87,114,16,"Win-Shift Lose-Stay: D|Suspicious Tit For Tat|Evolved HMM 5|Cooperator|Grudger|Meta Mixer: 15 players|Anti Tit For Tat|Cycler DC|GTFT: 0.33|Random: 0.5|Win-Stay Lose-Shift|Tit For Tat|Tit For 2 Tats|Alternator|DoubleCrosser: (D, D)|Evolved FSM 16"
88,3,0,5,1,0.1,0.01,36,78,9,Cycler DC|Win-Shift Lose-Stay: D|Win-Stay Lose-Shift|GTFT: 0.33|Cooperator|Alternator|Tit For Tat|Grudger|Suspicious Tit For Tat
89,3,0,5,1,0.02,0.04,100,59,19,"Evolved FSM 16|Grudger|Bully|Tit For 2 Tats|Anti Tit For Tat|Suspicious Tit For Tat|Alternator|Tit For Tat|Random: 0.5|Defector|Win-Stay Lose-Shift|Soft Joss: 0.9|Win-Shift Lose-Stay: D|GTFT: 0.33|Evolved HMM 5|Cooperator|Meta Winner: 17 players|DoubleCrosser: (D, D)|Meta Mixer: 17 players"
90,3,0,5,1,0.0,0.03,89,118,14,"Bully|DoubleCrosser: (D, D)|Cooperator|Tit For Tat|Meta Mixer: 12 players|Win-Stay Lose-Shift|Suspicious Tit For Tat|Win-Shift Lose-Stay: D|Anti Tit For Tat|Random: 0.5|Cycler DC|Defector|Evolved FSM 16|Meta Winner: 12 players"
91,3,0,5,1,0.08,0.01,91,30,19,"Evolved HMM 5|Suspicious Tit For Tat|Grudger|Evolved FSM 16|Cycler DC|Cooperator|Anti Tit For Tat|Bully|Random: 0.5|Soft Joss: 0.9|Tit For 2 Tats|Win-Stay Lose-Shift|DoubleCrosser: (D, D)|Tit For Tat|Defector|GTFT: 0.33|Meta Winner: 17 players|Win-Shift Lose-Stay: D|Meta Mixer: 17 players"
92,3,0,5,1,0.07,0.09,92,163,13,GTFT: 0.33|Cycler DC|Soft Joss: 0.9|Bully|Random: 0.5|Tit For Tat|Meta Winner: 11 players|Meta Mixer: 11 players|Tit For 2 Tats|Win-Stay Lose-Shift|Alternator|Defector|Anti Tit For Tat
93,3,0,5,1,0.03,0.05,17,95,12,Bully|Meta Winner: 11 players|Evolved HMM 5|Tit For 2 Tats|Soft Joss: 0.9|Win-Stay Lose-Shift|Win-Shift Lose-Stay: D|Evolved FSM 16|Grudger|Alternator|Tit For Tat|Cooperator
94,3,0,5,1,0.03,0.05,29,16,17,"Cooperator|GTFT: 0.33|Bully|Evolved HMM 5|Defector|Alternator|Meta Winner: 15 players|Grudger|Tit For Tat|Tit For 2 Tats|Win-Shift Lose-Stay: D|Win-Stay Lose-Shift|Evolved FSM 16|Meta Mixer: 15 players|Suspicious Tit For Tat|Random: 0.5|DoubleCrosser: (D, D)"
95,3,0,5,1,0.04,0.03,86,14,13,Bully|GTFT: 0.33|Cooperator|Tit For 2 Tats|Win-Stay Lose-Shift|Cycler DC|Grudger|Meta Mixer: 11 players|Random: 0.5|Meta Winner: 11 players|Defector|Anti Tit For Tat|Evolved HMM 5
96,3,0,5,1,0.09,0.03,93,179,15,"Cycler DC|Bully|Win-Stay Lose-Shift|Tit For 2 Tats|GTFT: 0.33|DoubleCrosser: (D, D)|Meta Mixer: 13 players|Random: 0.5|Grudger|Evolved HMM 5|Win-Shift Lose-Stay: D|Anti Tit For Tat|Suspicious Tit For Tat|Meta Winner: 13 players|Soft Joss: 0.9"
97,3,0,5,1,0.0,0.03,37,88,18,"Suspicious Tit For Tat|Tit For Tat|Cycler DC|Evolved FSM 16|Bully|Evolved HMM 5|DoubleCrosser: (D, D)|Tit For 2 Tats|Anti Tit For Tat|Win-Shift Lose-Stay: D|GTFT: 0.33|Win-Stay Lose-Shift|Alternator|Defector|Random: 0.5|Soft Joss: 0.9|Grudger|Meta Winner: 17 players"
98,3,0,5,1,0.04,0.02,98,198,8,"Soft Joss: 0.9|Anti Tit For Tat|DoubleCrosser: (D, D)|Grudger|Tit For Tat|Random: 0.5|Win-Stay Lose-Shift|Cycler DC"
99,3,0,5,1,0.08,0.08,39,137,10,Win-Stay Lose-Shift|Random: 0.5|Suspicious Tit For Tat|Grudger|Soft Joss: 0.9|Tit For Tat|Tit For 2 Tats|Cycler DC|Evolved FSM 16|Win-Shift Lose-Stay: D
100,3,0,5,1,0.05,0.1,35,155,7,"Win-Shift Lose-Stay: D|Anti Tit For Tat|Random: 0.5|Grudger|Cooperator|Evolved HMM 5|DoubleCrosser: (D, D)"
101,3,0,5,1,0.05,0.01,20,196,8,"Win-Shift Lose-Stay: D|Soft Joss: 0.9|Evolved HMM 5|Cycler DC|DoubleCrosser: (D, D)|Anti Tit For Tat|Cooperator|Tit For Tat"
102,3,0,5,1,0.09,0.09,63,14,15,Evolved HMM 5|Grudger|Tit For Tat|Tit For 2 Tats|Bully|Defector|Cooperator|Alternator|Soft Joss: 0.9|Anti Tit For Tat|Meta Mixer: 13 players|Random: 0.5|Win-Shift Lose-Stay: D|Meta Winner: 13 players|Evolved FSM 16
103,3,0,5,1,0.09,0.05,27,195,18,"Soft Joss: 0.9|Alternator|Bully|Meta Mixer: 17 players|Win-Shift Lose-Stay: D|Cooperator|DoubleCrosser: (D, D)|Evolved FSM 16|Random: 0.5|Win-Stay Lose-Shift|Grudger|Suspicious Tit For Tat|Anti Tit For Tat|GTFT: 0.33|Tit For 2 Tats|Tit For Tat|Defector|Evolved HMM 5"
104,3,0,5,1,0.0,0.04,89,118,5,Cooperator|Random: 0.5|Evolved FSM 16|Alternator|Tit For Tat
105,3,0,5,1,0.07,0.03,10,158,14,"Tit For Tat|Meta Mixer: 13 players|DoubleCrosser: (D, D)|Defector|Bully|Win-Shift Lose-Stay: D|Evolved HMM 5|Anti Tit For Tat|Soft Joss: 0.9|Grudger|GTFT: 0.33|Win-Stay Lose-Shift|Alternator|Cooperator"
106,3,0,5,1,0.09,0.0,59,96,11,"Alternator|Grudger|Bully|Meta Mixer: 10 players|Tit For Tat|Evolved HMM 5|GTFT: 0.33|DoubleCrosser: (D, D)|Anti Tit For Tat|Win-Stay Lose-Shift|Defector"
107,3,0,5,1,0.01,0.04,53,165,8,Soft Joss: 0.9|Random: 0.5|Defector|Cycler DC|Bully|Grudger|Tit For 2 Tats|Tit For Tat
108,3,0,5,1,0.0,0.02,35,11,13,Win-Stay Lose-Shift|Evolved HMM 5|Tit For 2 Tats|Random: 0.5|Win-Shift Lose-Stay: D|Alternator|Evolved FSM 16|GTFT: 0.33|Cooperator|Cycler DC|Defector|Soft Joss: 0.9|Meta Winner: 12 players
109,3,0,5,1,0.03,0.08,65,103,17,"Tit For 2 Tats|GTFT: 0.33|Defector|Random: 0.5|Evolved HMM 5|Evolved FSM 16|Meta Winner: 15 players|Win-Shift Lose-Stay: D|Cycler DC|Anti Tit For Tat|Suspicious Tit For Tat|Meta Mixer: 15 players|Win-Stay Lose-Shift|Grudger|DoubleCrosser: (D, D)|Tit For Tat|Bully"
110,3,0,5,1,0.03,0.01,94,76,12,"Soft Joss: 0.9|DoubleCrosser: (D, D)|Defector|Meta Winner: 11 players|Grudger|Tit For Tat|Alternator|Random: 0.5|Evolved FSM 16|Win-Stay Lose-Shift|Suspicious Tit For Tat|Cycler DC"
111,3,0,5,1,0.06,0.08,17,20,15,"Grudger|Evolved HMM 5|Defector|Alternator|Cycler DC|DoubleCrosser: (D, D)|Win-Stay Lose-Shift|GTFT: 0.33|Tit For Tat|Meta Mixer: 14 players|Bully|Anti Tit For Tat|Cooperator|Suspicious Tit For Tat|Evolved FSM 16"
112,3,0,5,1,0.04,0.04,82,9,7,Soft Joss: 0.9|Grudger|Meta Mixer: 5 players|Meta Winner: 5 players|Bully|Win-Stay Lose-Shift|Random: 0.5
113,3,0,5,1,0.05,0.04,93,72,10,Cooperator|Alternator|Defector|Random: 0.5|Tit For 2 Tats|Soft Joss: 0.9|Win-Shift Lose-Stay: D|Anti Tit For Tat|Cycler DC|Grudger
114,3,0,5,1,0.07,0.02,88,74,18,"Suspicious Tit For Tat|Cooperator|Cycler DC|Bully|Soft Joss: 0.9|Evolved HMM 5|Grudger|Tit For Tat|Anti Tit For Tat|GTFT: 0.33|Defector|Win-Stay Lose-Shift|DoubleCrosser: (D, D)|Evolved FSM 16|Meta Winner: 17 players|Random: 0.5|Win-Shift Lose-Stay: D|Alternator"
115,3,0,5,1,0.07,0.09,91,45,14,"Evolved HMM 5|Tit For Tat|Cooperator|Suspicious Tit For Tat|Cycler DC|Evolved FSM 16|Tit For 2 Tats|Meta Mixer: 12 players|Alternator|Defector|Win-Shift Lose-Stay: D|GTFT: 0.33|DoubleCrosser: (D, D)|Meta Winner: 12 players"
116,3,0,5,1,0.1,0.01,21,17,12,"Tit For 2 Tats|Random: 0.5|Evolved HMM 5|DoubleCrosser: (D, D)|Evolved FSM 16|Meta Mixer: 10 players|Win-Stay Lose-Shift|Anti Tit For Tat|Bully|Defector|Meta Winner: 10 players|Tit For Tat"
117,3,0,5,1,0.05,0.05,26,200,20,"Meta Mixer: 18 players|Defector|Cycler DC|DoubleCrosser: (D, D)|Anti Tit For Tat|Evolved HMM 5|Random: 0.5|Win-Shift Lose-Stay: D|Bully|Evolved FSM 16|Grudger|Win-Stay Lose-Shift|Meta Winner: 18 players|Tit For Tat|Soft Joss: 0.9|Tit For 2 Tats|GTFT: 0.33|Alternator|Suspicious Tit For Tat|Cooperator"
118,3,0,5,1,0.06,0.06,26,161,12,"Meta Winner: 10 players|Evolved FSM 16|Bully|Evolved HMM 5|Defector|Win-Stay Lose-Shift|Soft Joss: 0.9|Meta Mixer: 10 players|Tit For 2 Tats|GTFT: 0.33|DoubleCrosser: (D, D)|Random: 0.5"
119,3,0,5,1,0.08,0.06,13,21,4,"Meta Mixer: 3 players|Win-Shift Lose-Stay: D|Suspicious Tit For Tat|DoubleCrosser: (D, D)"
120,3,0,5,1,0.06,0.0,90,140,12,Win-Stay Lose-Shift|Random: 0.5|Tit For Tat|Tit For 2 Tats|Meta Winner: 11 players|Evolved FSM 16|Anti Tit For Tat|Grudger|Alternator|Bully|Soft Joss: 0.9|Suspicious Tit For Tat
121,3,0,5,1,0.05,0.02,87,37,13,GTFT: 0.33|Grudger|Tit For 2 Tats|Cycler DC|Meta Mixer: 12 players|Win-Shift Lose-Stay: D|Soft Joss: 0.9|Anti Tit For Tat|Defector|Cooperator|Tit For Tat|Evolved FSM 16|Evolved HMM 5
122,3,0,5,1,0.04,0.01,16,75,15,"Meta Winner: 13 players|DoubleCrosser: (D, D)|Tit For Tat|Defector|GTFT: 0.33|Soft Joss: 0.9|Win-Stay Lose-Shift|Grudger|Evolved HMM 5|Cooperator|Bully|Evolved FSM 16|Win-Shift Lose-Stay: D|Random: 0.5|Meta Mixer: 13 players"
123,3,0,5,1,0.05,0.01,60,130,17,"Tit For Tat|Suspicious Tit For Tat|Grudger|Anti Tit For Tat|Evolved HMM 5|Cycler DC|Meta Winner: 15 players|Win-Stay Lose-Shift|GTFT: 0.33|Evolved FSM 16|DoubleCrosser: (D, D)|Soft Joss: 0.9|Alternator|Meta Mixer: 15 players|Tit For 2 Tats|Cooperator|Random: 0.5"
124,3,0,5,1,0.09,0.07,61,94,4,Tit For 2 Tats|Anti Tit For Tat|Evolved FSM 16|Suspicious Tit For Tat
125,3,0,5,1,0.04,0.03,59,130,17,"Evolved FSM 16|Win-Shift Lose-Stay: D|Cooperator|Cycler DC|Meta Winner: 15 players|Suspicious Tit For Tat|Defector|Tit For 2 Tats|DoubleCrosser: (D, D)|Meta Mixer: 15 players|Grudger|Bully|Random: 0.5|Evolved HMM 5|Soft Joss: 0.9|Tit For Tat|Alternator"
126,3,0,5,1,0.0,0.01,52,122,19,"Soft Joss: 0.9|Cycler DC|Evolved HMM 5|Meta Mixer: 17 players|GTFT: 0.33|Meta Winner: 17 players|Win-Stay Lose-Shift|Defector|Bully|Suspicious Tit For Tat|DoubleCrosser: (D, D)|Evolved FSM 16|Tit For 2 Tats|Win-Shift Lose-Stay: D|Random: 0.5|Tit For Tat|Cooperator|Grudger|Anti Tit For Tat"
127,3,0,5,1,0.05,0.0,52,173,6,"DoubleCrosser: (D, D)|Meta Mixer: 5 players|Win-Stay Lose-Shift|Alternator|Random: 0.5|Cycler DC"
128,3,0,5,1,0.1,0.08,84,148,10,"Anti Tit For Tat|Meta Mixer: 9 players|Random: 0.5|Defector|Tit For 2 Tats|Bully|DoubleCrosser: (D, D)|GTFT: 0.33|Cooperator|Alternator"
129,3,0,5,1,0.06,0.07,34,5,17,"GTFT: 0.33|DoubleCrosser: (D, D)|Cycler DC|Meta Mixer: 15 players|Suspicious Tit For Tat|Random: 0.5|Win-Shift Lose-Stay: D|Tit For 2 Tats|Win-Stay Lose-Shift|Tit For Tat|Alternator|Bully|Cooperator|Evolved FSM 16|Evolved HMM 5|Meta Winner: 15 players|Soft Joss: 0.9"
130,3,0,5,1,0.03,0.02,78,88,20,"Grudger|Win-Shift Lose-Stay: D|Random: 0.5|Suspicious Tit For Tat|Tit For Tat|Cycler DC|Meta Mixer: 18 players|Soft Joss: 0.9|Cooperator|Tit For 2 Tats|GTFT: 0.33|Meta Winner: 18 players|Evolved FSM 16|Bully|DoubleCrosser: (D, D)|Evolved HMM 5|Win-Stay Lose-Shift|Anti Tit For Tat|Alternator|Defector"
131,3,0,5,1,0.09,0.04,54,198,7,Win-Stay Lose-Shift|Anti Tit For Tat|Meta Winner: 6 players|Bully|Grudger|Soft Joss: 0.9|Tit For Tat
132,3,0,5,1,0.07,0.07,37,52,20,"Win-Shift Lose-Stay: D|Evolved FSM 16|Meta Winner: 18 players|Cycler DC|Cooperator|Win-Stay Lose-Shift|Grudger|Soft Joss: 0.9|Random: 0.5|DoubleCrosser: (D, D)|Alternator|Meta Mixer: 18 players|GTFT: 0.33|Defector|Anti Tit For Tat|Tit For 2 Tats|Evolved HMM 5|Suspicious Tit For Tat|Bully|Tit For Tat"
133,3,0,5,1,0.01,0.08,10,141,8,"DoubleCrosser: (D, D)|Random: 0.5|Meta Mixer: 7 players|Suspicious Tit For Tat|Win-Stay Lose-Shift|Defector|Cycler DC|GTFT: 0.33"
134,3,0,5,1,0.01,0.08,93,147,10,"Evolved FSM 16|Anti Tit For Tat|Defector|DoubleCrosser: (D, D)|Meta Winner: 9 players|Soft Joss: 0.9|Alternator|Suspicious Tit For Tat|Tit For Tat|Bully"
135,3,0,5,1,0.09,0.1,47,10,3,Win-Stay Lose-Shift|Meta Mixer: 2 players|Cooperator
136,3,0,5,1,0.09,0.03,68,165,20,"Evolved HMM 5|Random: 0.5|Cycler DC|Meta Winner: 18 players|Soft Joss: 0.9|Evolved FSM 16|Cooperator|Tit For 2 Tats|Anti Tit For Tat|Defector|Bully|Tit For Tat|Meta Mixer: 18 players|GTFT: 0.33|Grudger|Alternator|Win-Stay Lose-Shift|Suspicious Tit For Tat|Win-Shift Lose-Stay: D|DoubleCrosser: (D, D)"
137,3,0,5,1,0.06,0.06,61,110,19,"GTFT: 0.33|Bully|Tit For 2 Tats|Cooperator|Defector|Meta Mixer: 17 players|Tit For Tat|Random: 0.5|Evolved HMM 5|Alternator|Cycler DC|Suspicious Tit For Tat|Grudger|DoubleCrosser: (D, D)|Soft Joss: 0.9|Evolved FSM 16|Win-Stay Lose-Shift|Win-Shift Lose-Stay: D|Meta Winner: 17 players"
138,3,0,5,1,0.03,0.04,40,16,6,Soft Joss: 0.9|Win-Stay Lose-Shift|Defector|Tit For 2 Tats|Meta Mixer: 5 players|Grudger
139,3,0,5,1,0.01,0.09,47,95,10,Tit For Tat|Cycler DC|Random: 0.5|Meta Mixer: 9 players|Soft Joss: 0.9|Grudger|Win-Stay Lose-Shift|Defector|Suspicious Tit For Tat|Win-Shift Lose-Stay: D
140,3,0,5,1,0.09,0.08,95,56,10,Meta Winner: 9 players|Bully|Evolved HMM 5|Soft Joss: 0.9|Grudger|Anti Tit For Tat|Win-Stay Lose-Shift|Evolved FSM 16|Alternator|Win-Shift Lose-Stay: D
141,3,0,5,1,0.09,0.02,78,39,8,GTFT: 0.33|Evolved HMM 5|Soft Joss: 0.9|Cooperator|Suspicious Tit For Tat|Grudger|Win-Stay Lose-Shift|Tit For Tat
142,3,0,5,1,0.01,0.05,17,117,7,"Evolved HMM 5|DoubleCrosser: (D, D)|Soft Joss: 0.9|Anti Tit For Tat|Evolved FSM 16|GTFT: 0.33|Tit For 2 Tats"
143,3,0,5,1,0.03,0.0,42,1,9,"Meta Mixer: 8 players|Bully|Anti Tit For Tat|DoubleCrosser: (D, D)|Grudger|Random: 0.5|Evolved FSM 16|Win-Shift Lose-Stay: D|Alternator"
144,3,0,5,1,0.09,0.01,70,9,12,"DoubleCrosser: (D, D)|Defector|Cycler DC|Meta Winner: 11 players|Grudger|Soft Joss: 0.9|Suspicious Tit For Tat|Tit For Tat|Evolved HMM 5|Random: 0.5|Anti Tit For Tat|Win-Shift Lose-Stay: D"
145,3,0,5,1,0.01,0.09,25,46,20,"Tit For 2 Tats|Evolved HMM 5|Cycler DC|Tit For Tat|Alternator|Meta Winner: 18 players|Random: 0.5|Evolved FSM 16|Meta Mixer: 18 players|GTFT: 0.33|Win-Shift Lose-Stay: D|Suspicious Tit For Tat|Win-Stay Lose-Shift|Grudger|Anti Tit For Tat|Defector|Cooperator|Soft Joss: 0.9|DoubleCrosser: (D, D)|Bully"
146,3,0,5,1,0.02,0.09,24,9,16,"Meta Winner: 14 players|Alternator|Tit For Tat|Suspicious Tit For Tat|Bully|Anti Tit For Tat|Win-Stay Lose-Shift|Meta Mixer: 14 players|Evolved FSM 16|DoubleCrosser: (D, D)|Tit For 2 Tats|Cooperator|GTFT: 0.33|Win-Shift Lose-Stay: D|Evolved HMM 5|Soft Joss: 0.9"
147,3,0,5,1,0.05,0.08,17,36,19,"Win-Stay Lose-Shift|Tit For Tat|GTFT: 0.33|Evolved FSM 16|Meta Mixer: 18 players|Cycler DC|Bully|Evolved HMM 5|Win-Shift Lose-Stay: D|Cooperator|Suspicious Tit For Tat|Soft Joss: 0.9|Grudger|Alternator|Random: 0.5|Defector|Anti Tit For Tat|DoubleCrosser: (D, D)|Tit For 2 Tats"
148,3,0,5,1,0.06,0.0,54,165,15,"Evolved HMM 5|GTFT: 0.33|DoubleCrosser: (D, D)|Evolved FSM 16|Cycler DC|Random: 0.5|Suspicious Tit For Tat|Bully|Win-Shift Lose-Stay: D|Tit For Tat|Cooperator|Win-Stay Lose-Shift|Soft Joss: 0.9|Meta Winner: 14 players|Defector"
149,3,0,5,1,0.01,0.05,17,144,16,"DoubleCrosser: (D, D)|Evolved FSM 16|Evolved HMM 5|Cycler DC|Tit For 2 Tats|Cooperator|Meta Mixer: 14 players|Soft Joss: 0.9|Defector|GTFT: 0.33|Anti Tit For Tat|Tit For Tat|Grudger|Alternator|Meta Winner: 14 players|Win-Stay Lose-Shift"
150,3,0,5,1,0.01,0.04,87,155,4,Bully|Suspicious Tit For Tat|Evolved FSM 16|Meta Mixer: 3 players
151,3,0,5,1,0.05,0.09,52,78,3,Suspicious Tit For Tat|Meta Winner: 2 players|Cooperator
152,3,0,5,1,0.07,0.08,41,179,9,Tit For 2 Tats|Tit For Tat|Evolved FSM 16|GTFT: 0.33|Win-Stay Lose-Shift|Suspicious Tit For Tat|Meta Mixer: 8 players|Win-Shift Lose-Stay: D|Evolved HMM 5
153,3,0,5,1,0.04,0.03,75,128,17,"Cooperator|Random: 0.5|GTFT: 0.33|Suspicious Tit For Tat|Grudger|Defector|Evolved HMM 5|Alternator|Win-Stay Lose-Shift|Meta Winner: 16 players|Bully|Tit For 2 Tats|Cycler DC|Tit For Tat|DoubleCrosser: (D, D)|Soft Joss: 0.9|Evolved FSM 16"
154,3,0,5,1,0.03,0.02,39,98,10,Random: 0.5|Evolved FSM 16|GTFT: 0.33|Win-Shift Lose-Stay: D|Meta Winner: 8 players|Grudger|Meta Mixer: 8 players|Soft Joss: 0.9|Tit For Tat|Tit For 2 Tats
155,3,0,5,1,0.02,0.08,31,36,20,"Random: 0.5|Defector|Evolved FSM 16|Anti Tit For Tat|Evolved HMM 5|DoubleCrosser: (D, D)|Soft Joss: 0.9|Meta Winner: 18 players|GTFT: 0.33|Alternator|Grudger|Suspicious Tit For Tat|Bully|Win-Shift Lose-Stay: D|Meta Mixer: 18 players|Tit For 2 Tats|Win-Stay Lose-Shift|Tit For Tat|Cooperator|Cycler DC"
156,3,0,5,1,0.02,0.05,17,159,18,"Random: 0.5|Alternator|Meta Mixer: 16 players|DoubleCrosser: (D, D)|Evolved FSM 16|Meta Winner: 16 players|Win-Shift Lose-Stay: D|Grudger|Cycler DC|Evolved HMM 5|Tit For 2 Tats|Soft Joss: 0.9|Suspicious Tit For Tat|Tit For Tat|Anti Tit For Tat|GTFT: 0.33|Win-Stay Lose-Shift|Bully"
157,3,0,5,1,0.01,0.02,77,65,14,Win-Shift Lose-Stay: D|Tit For 2 Tats|Bully|Grudger|Meta Mixer: 13 players|Tit For Tat|Win-Stay Lose-Shift|Cooperator|Evolved HMM 5|Random: 0.5|Cycler DC|Anti Tit For Tat|Alternator|Soft Joss: 0.9
158,3,0,5,1,0.04,0.04,70,15,3,Defector|Bully|Random: 0.5
159,3,0,5,1,0.08,0.06,52,145,6,Evolved HMM 5|Anti Tit For Tat|Tit For Tat|Suspicious Tit For Tat|Random: 0.5|Cycler DC
160,3,0,5,1,0.0,0.01,45,140,4,Defector|GTFT: 0.33|Alternator|Suspicious Tit For Tat
161,3,0,5,1,0.06,0.08,60,20,12,Defector|Meta Mixer: 10 players|Tit For Tat|Tit For 2 Tats|GTFT: 0.33|Suspicious Tit For Tat|Evolved HMM 5|Grudger|Bully|Anti Tit For Tat|Win-Shift Lose-Stay: D|Meta Winner: 10 players
162,3,0,5,1,0.01,0.04,19,88,15,GTFT: 0.33|Alternator|Win-Shift Lose-Stay: D|Soft Joss: 0.9|Random: 0.5|Cooperator|Defector|Evolved FSM 16|Suspicious Tit For Tat|Grudger|Bully|Meta Winner: 14 players|Anti Tit For Tat|Tit For 2 Tats|Cycler DC
163,3,0,5,1,0.03,0.02,19,22,11,"Cycler DC|Tit For 2 Tats|Meta Winner: 9 players|Meta Mixer: 9 players|GTFT: 0.33|Defector|Anti Tit For Tat|DoubleCrosser: (D, D)|Alternator|Evolved FSM 16|Tit For Tat"
164,3,0,5,1,0.04,0.03,26,23,8,"DoubleCrosser: (D, D)|Soft Joss: 0.9|Evolved FSM 16|Evolved HMM 5|Meta Winner: 6 players|Anti Tit For Tat|Alternator|Meta Mixer: 6 players"
165,3,0,5,1,0.04,0.01,86,84,15,"Alternator|Win-Stay Lose-Shift|DoubleCrosser: (D, D)|Tit For 2 Tats|Bully|Grudger|Win-Shift Lose-Stay: D|Cooperator|Meta Mixer: 14 players|Evolved FSM 16|Random: 0.5|Suspicious Tit For Tat|Soft Joss: 0.9|Anti Tit For Tat|Tit For Tat"
166,3,0,5,1,0.03,0.05,18,43,16,"Win-Shift Lose-Stay: D|DoubleCrosser: (D, D)|Win-Stay Lose-Shift|Random: 0.5|Bully|Defector|Cycler DC|Cooperator|Grudger|GTFT: 0.33|Tit For Tat|Tit For 2 Tats|Evolved FSM 16|Alternator|Anti Tit For Tat|Evolved HMM 5"
167,3,0,5,1,0.0,0.04,89,98,13,"Soft Joss: 0.9|GTFT: 0.33|DoubleCrosser: (D, D)|Cycler DC|Win-Stay Lose-Shift|Defector|Random: 0.5|Grudger|Cooperator|Tit For Tat|Meta Winner: 12 players|Bully|Suspicious Tit For Tat"
168,3,0,5,1,0.1,0.03,98,163,18,"Meta Mixer: 16 players|Tit For Tat|GTFT: 0.33|Tit For 2 Tats|Win-Shift Lose-Stay: D|DoubleCrosser: (D, D)|Evolved HMM 5|Suspicious Tit For Tat|Defector|Anti Tit For Tat|Win-Stay Lose-Shift|Cooperator|Bully|Grudger|Cycler DC|Alternator|Random: 0.5|Meta Winner: 16 players"
169,3,0,5,1,0.02,0.08,98,18,16,Random: 0.5|Cycler DC|Win-Stay Lose-Shift|Tit For Tat|Win-Shift Lose-Stay: D|GTFT: 0.33|Bully|Grudger|Suspicious Tit For Tat|Tit For 2 Tats|Anti Tit For Tat|Evolved HMM 5|Meta Winner: 14 players|Meta Mixer: 14 players|Cooperator|Soft Joss: 0.9
170,3,0,5,1,0.05,0.09,98,108,20,"Anti Tit For Tat|Grudger|Evolved FSM 16|Bully|Cooperator|Tit For 2 Tats|Random: 0.5|GTFT: 0.33|Soft Joss: 0.9|Defector|Evolved HMM 5|Alternator|Suspicious Tit For Tat|Tit For Tat|Win-Stay Lose-Shift|DoubleCrosser: (D, D)|Win-Shift Lose-Stay: D|Cycler DC|Meta Mixer: 18 players|Meta Winner: 18 players"
171,3,0,5,1,0.02,0.07,81,149,10,Soft Joss: 0.9|Grudger|Tit For 2 Tats|Meta Winner: 9 players|Cycler DC|Defector|Alternator|Tit For Tat|Anti Tit For Tat|Random: 0.5
172,3,0,5,1,0.04,0.1,24,187,7,Grudger|Win-Stay Lose-Shift|GTFT: 0.33|Soft Joss: 0.9|Suspicious Tit For Tat|Win-Shift Lose-Stay: D|Tit For Tat
173,3,0,5,1,0.03,0.01,99,116,13,"Bully|Win-Stay Lose-Shift|Anti Tit For Tat|Cooperator|Alternator|DoubleCrosser: (D, D)|Defector|GTFT: 0.33|Evolved FSM 16|Tit For 2 Tats|Meta Winner: 11 players|Evolved HMM 5|Meta Mixer: 11 players"
174,3,0,5,1,0.06,0.03,64,119,10,"Tit For 2 Tats|Defector|Meta Mixer: 8 players|DoubleCrosser: (D, D)|Meta Winner: 8 players|Alternator|Grudger|Win-Stay Lose-Shift|Cooperator|Tit For Tat"
175,3,0,5,1,0.06,0.04,100,55,9,Win-Shift Lose-Stay: D|Bully|Cooperator|Defector|Grudger|Evolved HMM 5|Evolved FSM 16|Tit For Tat|Anti Tit For Tat
176,3,0,5,1,0.03,0.09,77,164,13,"Meta Winner: 11 players|Tit For 2 Tats|Meta Mixer: 11 players|Cooperator|Grudger|Defector|DoubleCrosser: (D, D)|Tit For Tat|Win-Stay Lose-Shift|Bully|Cycler DC|Anti Tit For Tat|GTFT: 0.33"
177,3,0,5,1,0.03,0.02,24,47,14,"Cycler DC|Evolved HMM 5|Tit For 2 Tats|DoubleCrosser: (D, D)|Meta Winner: 12 players|Win-Stay Lose-Shift|Suspicious Tit For Tat|Meta Mixer: 12 players|Bully|Tit For Tat|Win-Shift Lose-Stay: D|Grudger|Soft Joss: 0.9|Cooperator"
178,3,0,5,1,0.03,0.02,67,159,4,Grudger|Alternator|Random: 0.5|Cycler DC
179,3,0,5,1,0.02,0.04,81,130,18,"DoubleCrosser: (D, D)|Random: 0.5|Meta Winner: 16 players|Soft Joss: 0.9|Meta Mixer: 16 players|Bully|Anti Tit For Tat|Win-Stay Lose-Shift|Alternator|Cooperator|Cycler DC|Grudger|Tit For 2 Tats|Evolved FSM 16|Tit For Tat|Evolved HMM 5|Suspicious Tit For Tat|GTFT: 0.33"
180,3,0,5,1,0.06,0.08,73,141,19,"Cooperator|Meta Mixer: 17 players|Meta Winner: 17 players|Win-Shift Lose-Stay: D|Grudger|Evolved HMM 5|DoubleCrosser: (D, D)|Tit For 2 Tats|Alternator|Tit For Tat|Soft Joss: 0.9|Evolved FSM 16|Suspicious Tit For Tat|Random: 0.5|Defector|Anti Tit For Tat|Bully|GTFT: 0.33|Cycler DC"
181,3,0,5,1,0.03,0.09,21,113,6,"Tit For Tat|Suspicious Tit For Tat|Grudger|DoubleCrosser: (D, D)|Defector|Win-Stay Lose-Shift"
182,3,0,5,1,0.01,0.02,36,16,14,"Evolved FSM 16|Win-Shift Lose-Stay: D|Meta Winner: 12 players|Defector|GTFT: 0.33|Grudger|Cycler DC|DoubleCrosser: (D, D)|Win-Stay Lose-Shift|Tit For 2 Tats|Meta Mixer: 12 players|Anti Tit For Tat|Bully|Suspicious Tit For Tat"
183,3,0,5,1,0.08,0.09,45,168,7,"Cycler DC|Tit For Tat|Meta Winner: 5 players|GTFT: 0.33|Meta Mixer: 5 players|Tit For 2 Tats|DoubleCrosser: (D, D)"
184,3,0,5,1,0.07,0.05,83,162,11,"DoubleCrosser: (D, D)|Tit For 2 Tats|Soft Joss: 0.9|Bully|Evolved HMM 5|Suspicious Tit For Tat|Win-Shift Lose-Stay: D|Grudger|Cycler DC|Defector|Tit For Tat"
185,3,0,5,1,0.1,0.03,10,199,5,Soft Joss: 0.9|Grudger|Bully|Tit For 2 Tats|Suspicious Tit For Tat
186,3,0,5,1,0.1,0.08,73,69,13,Win-Stay Lose-Shift|GTFT: 0.33|Evolved FSM 16|Cycler DC|Random: 0.5|Tit For 2 Tats|Defector|Meta Mixer: 12 players|Alternator|Grudger|Anti Tit For Tat|Tit For Tat|Soft Joss: 0.9
187,3,0,5,1,0.01,0.09,66,117,3,"DoubleCrosser: (D, D)|Suspicious Tit For Tat|Cycler DC"
188,3,0,5,1,0.09,0.03,45,24,14,Win-Shift Lose-Stay: D|Bully|Grudger|Defector|Anti Tit For Tat|Suspicious Tit For Tat|GTFT: 0.33|Cycler DC|Evolved FSM 16|Cooperator|Soft Joss: 0.9|Random: 0.5|Meta Winner: 13 players|Alternator
189,3,0,5,1,0.02,0.01,85,58,19,"Soft Joss: 0.9|Alternator|Meta Mixer: 17 players|GTFT: 0.33|Cooperator|DoubleCrosser: (D, D)|Suspicious Tit For Tat|Grudger|Bully|Tit For Tat|Anti Tit For Tat|Random: 0.5|Meta Winner: 17 players|Evolved FSM 16|Defector|Evolved HMM 5|Cycler DC|Win-Stay Lose-Shift|Tit For 2 Tats"
190,3,0,5,1,0.09,0.01,27,165,7,Bully|Evolved HMM 5|Alternator|Defector|Soft Joss: 0.9|Meta Mixer: 6 players|Grudger
191,3,0,5,1,0.02,0.07,62,158,17,"Suspicious Tit For Tat|Bully|Cooperator|Cycler DC|Evolved FSM 16|Win-Stay Lose-Shift|Grudger|Meta Winner: 15 players|Defector|Tit For 2 Tats|DoubleCrosser: (D, D)|Meta Mixer: 15 players|Random: 0.5|Win-Shift Lose-Stay: D|Soft Joss: 0.9|Alternator|Anti Tit For Tat"
192,3,0,5,1,0.06,0.06,87,73,3,Win-Stay Lose-Shift|Suspicious Tit For Tat|Evolved HMM 5
193,3,0,5,1,0.06,0.02,60,76,4,Tit For Tat|Random: 0.5|Tit For 2 Tats|Cooperator
194,3,0,5,1,0.02,0.06,19,136,3,Grudger|GTFT: 0.33|Cycler DC
195,3,0,5,1,0.04,0.08,63,94,20,"Defector|Random: 0.5|Bully|Alternator|Evolved FSM 16|Evolved HMM 5|Cycler DC|Cooperator|Soft Joss: 0.9|Grudger|Suspicious Tit For Tat|Win-Shift Lose-Stay: D|DoubleCrosser: (D, D)|Meta Winner: 18 players|Win-Stay Lose-Shift|Tit For Tat|Tit For 2 Tats|Anti Tit For Tat|Meta Mixer: 18 players|GTFT: 0.33"
196,3,0,5,1,0.06,0.05,29,72,5,Win-Stay Lose-Shift|Bully|Evolved HMM 5|Suspicious Tit For Tat|Cycler DC
197,3,0,5,1,0.05,0.04,91,196,5,"Win-Stay Lose-Shift|DoubleCrosser: (D, D)|Tit For Tat|Anti Tit For Tat|Evolved FSM 16"
198,3,0,5,1,0.01,0.04,68,157,4,Win-Stay Lose-Shift|Defector|Cooperator|Alternator
199,3,0,5,1,0.07,0.07,30,128,14,Evolved HMM 5|Meta Winner: 12 players|Win-Shift Lose-Stay: D|Defector|Grudger|Bully|Random: 0.5|Tit For 2 Tats|Cycler DC|Anti Tit For Tat|Alternator|Meta Mixer: 12 players|Suspicious Tit For Tat|Soft Joss: 0.9
200,3,0,5,1,0.05,0.03,83,161,5,Random: 0.5|Soft Joss: 0.9|Evolved HMM 5|Grudger|Anti Tit For Tat
201,3,0,5,1,0.05,0.06,57,41,11,"Cooperator|Meta Mixer: 9 players|Meta Winner: 9 players|Tit For Tat|Alternator|Random: 0.5|DoubleCrosser: (D, D)|Soft Joss: 0.9|Evolved FSM 16|Tit For 2 Tats|Evolved HMM 5"
202,3,0,5,1,0.04,0.09,32,10,20,"DoubleCrosser: (D, D)|Tit For Tat|GTFT: 0.33|Meta Mixer: 18 players|Meta Winner: 18 players|Soft Joss: 0.9|Grudger|Defector|Cycler DC|Anti Tit For Tat|Win-Stay Lose-Shift|Tit For 2 Tats|Evolved FSM 16|Random: 0.5|Win-Shift Lose-Stay: D|Alternator|Evolved HMM 5|Suspicious Tit For Tat|Bully|Cooperator"
203,3,0,5,1,0.01,0.05,46,199,12,"GTFT: 0.33|Bully|Evolved FSM 16|Soft Joss: 0.9|Alternator|Defector|Cooperator|Cycler DC|Win-Stay Lose-Shift|Tit For 2 Tats|Grudger|DoubleCrosser: (D, D)"
204,3,0,5,1,0.05,0.06,73,198,9,"Evolved FSM 16|Tit For Tat|Cycler DC|Alternator|DoubleCrosser: (D, D)|Evolved HMM 5|Cooperator|Win-Shift Lose-Stay: D|Defector"
205,3,0,5,1,0.06,0.07,11,86,3,Tit For 2 Tats|Win-Stay Lose-Shift|Cooperator
206,3,0,5,1,0.02,0.1,63,126,4,Cycler DC|Win-Shift Lose-Stay: D|Bully|Anti Tit For Tat
207,3,0,5,1,0.09,0.09,76,106,14,"Soft Joss: 0.9|Bully|Cooperator|Evolved HMM 5|Cycler DC|GTFT: 0.33|DoubleCrosser: (D, D)|Suspicious Tit For Tat|Anti Tit For Tat|Win-Stay Lose-Shift|Meta Winner: 13 players|Alternator|Tit For 2 Tats|Defector"
208,3,0,5,1,0.1,0.02,43,81,15,"GTFT: 0.33|Meta Winner: 13 players|Soft Joss: 0.9|Win-Shift Lose-Stay: D|Tit For Tat|Anti Tit For Tat|Cooperator|Bully|Win-Stay Lose-Shift|Evolved FSM 16|Tit For 2 Tats|Meta Mixer: 13 players|Grudger|DoubleCrosser: (D, D)|Suspicious Tit For Tat"
209,3,0,5,1,0.03,0.01,55,198,9,Soft Joss: 0.9|Win-Stay Lose-Shift|Meta Winner: 8 players|Win-Shift Lose-Stay: D|Cooperator|Anti Tit For Tat|Bully|Tit For 2 Tats|GTFT: 0.33
210,3,0,5,1,0.03,0.07,87,11,9,GTFT: 0.33|Cycler DC|Bully|Tit For Tat|Grudger|Suspicious Tit For Tat|Win-Shift Lose-Stay: D|Alternator|Meta Winner: 8 players
211,3,0,5,1,0.03,0.08,32,8,15,"Soft Joss: 0.9|Evolved FSM 16|Meta Mixer: 14 players|Tit For Tat|Cooperator|Evolved HMM 5|Anti Tit For Tat|Tit For 2 Tats|Bully|DoubleCrosser: (D, D)|Alternator|Win-Stay Lose-Shift|Random: 0.5|GTFT: 0.33|Suspicious Tit For Tat"
212,3,0,5,1,0.08,0.04,90,166,5,Meta Mixer: 3 players|Meta Winner: 3 players|Win-Shift Lose-Stay: D|Bully|Alternator
213,3,0,5,1,0.1,0.02,92,114,7,Bully|GTFT: 0.33|Cooperator|Anti Tit For Tat|Soft Joss: 0.9|Alternator|Meta Winner: 6 players
214,3,0,5,1,0.09,0.04,60,128,3,"Tit For 2 Tats|DoubleCrosser: (D, D)|Defector"
215,3,0,5,1,0.04,0.09,45,72,17,Cycler DC|Anti Tit For Tat|Tit For Tat|Win-Stay Lose-Shift|Random: 0.5|Suspicious Tit For Tat|Win-Shift Lose-Stay: D|Evolved FSM 16|Alternator|Meta Mixer: 15 players|Meta Winner: 15 players|Soft Joss: 0.9|Bully|Cooperator|GTFT: 0.33|Evolved HMM 5|Defector
216,3,0,5,1,0.06,0.08,12,98,14,Random: 0.5|Evolved FSM 16|Meta Winner: 13 players|Grudger|GTFT: 0.33|Suspicious Tit For Tat|Cycler DC|Bully|Alternator|Defector|Win-Stay Lose-Shift|Cooperator|Evolved HMM 5|Soft Joss: 0.9
217,3,0,5,1,0.08,0.01,70,136,14,"Meta Mixer: 12 players|Tit For Tat|Defector|Cooperator|Meta Winner: 12 players|GTFT: 0.33|Evolved HMM 5|Cycler DC|Win-Shift Lose-Stay: D|Alternator|DoubleCrosser: (D, D)|Suspicious Tit For Tat|Evolved FSM 16|Grudger"
218,3,0,5,1,0.1,0.02,40,152,13,Grudger|Meta Mixer: 11 players|Alternator|Meta Winner: 11 players|Cycler DC|Win-Stay Lose-Shift|Cooperator|Tit For 2 Tats|Tit For Tat|Win-Shift Lose-Stay: D|Random: 0.5|Bully|Evolved HMM 5
219,3,0,5,1,0.0,0.01,87,57,3,Evolved HMM 5|Random: 0.5|Alternator
220,3,0,5,1,0.03,0.06,26,88,8,GTFT: 0.33|Anti Tit For Tat|Alternator|Cycler DC|Evolved HMM 5|Tit For 2 Tats|Meta Mixer: 7 players|Win-Shift Lose-Stay: D
221,3,0,5,1,0.09,0.1,57,181,15,"Meta Mixer: 14 players|Cooperator|GTFT: 0.33|Win-Stay Lose-Shift|Evolved FSM 16|Bully|Soft Joss: 0.9|Grudger|Suspicious Tit For Tat|Random: 0.5|Tit For Tat|Defector|DoubleCrosser: (D, D)|Win-Shift Lose-Stay: D|Cycler DC"
222,3,0,5,1,0.07,0.09,55,58,8,Tit For 2 Tats|Win-Stay Lose-Shift|Meta Mixer: 7 players|Cycler DC|Defector|Grudger|Alternator|Soft Joss: 0.9
223,3,0,5,1,0.09,0.04,82,9,8,Meta Winner: 7 players|GTFT: 0.33|Tit For Tat|Cooperator|Random: 0.5|Bully|Defector|Grudger
224,3,0,5,1,0.01,0.03,50,43,5,GTFT: 0.33|Soft Joss: 0.9|Alternator|Win-Shift Lose-Stay: D|Suspicious Tit For Tat
225,3,0,5,1,0.02,0.01,42,28,3,Anti Tit For Tat|Tit For 2 Tats|Soft Joss: 0.9
226,3,0,5,1,0.07,0.1,62,127,15,"Grudger|Evolved FSM 16|Tit For 2 Tats|Cooperator|Random: 0.5|Meta Mixer: 13 players|DoubleCrosser: (D, D)|Win-Stay Lose-Shift|GTFT: 0.33|Meta Winner: 13 players|Evolved HMM 5|Bully|Tit For Tat|Alternator|Suspicious Tit For Tat"
227,3,0,5,1,0.03,0.03,23,19,13,"Defector|Tit For 2 Tats|Meta Winner: 11 players|Bully|Evolved HMM 5|Evolved FSM 16|Win-Stay Lose-Shift|DoubleCrosser: (D, D)|Tit For Tat|Alternator|Suspicious Tit For Tat|Random: 0.5|Meta Mixer: 11 players"
228,3,0,5,1,0.02,0.01,36,49,16,Evolved FSM 16|Meta Winner: 14 players|Win-Shift Lose-Stay: D|Win-Stay Lose-Shift|Evolved HMM 5|Cooperator|Anti Tit For Tat|Alternator|Suspicious Tit For Tat|Random: 0.5|Meta Mixer: 14 players|Tit For Tat|Bully|Tit For 2 Tats|GTFT: 0.33|Grudger
229,3,0,5,1,0.04,0.03,94,161,18,"Suspicious Tit For Tat|Cooperator|Alternator|Meta Winner: 16 players|Defector|GTFT: 0.33|Cycler DC|Anti Tit For Tat|Tit For Tat|Tit For 2 Tats|DoubleCrosser: (D, D)|Evolved HMM 5|Grudger|Meta Mixer: 16 players|Random: 0.5|Bully|Evolved FSM 16|Win-Stay Lose-Shift"
230,3,0,5,1,0.05,0.02,58,95,8,Soft Joss: 0.9|Anti Tit For Tat|Win-Shift Lose-Stay: D|Meta Winner: 7 players|Evolved HMM 5|Cycler DC|Cooperator|Random: 0.5
231,3,0,5,1,0.06,0.02,99,171,6,"Bully|Grudger|Evolved FSM 16|DoubleCrosser: (D, D)|Tit For Tat|Win-Shift Lose-Stay: D"
232,3,0,5,1,0.01,0.04,76,108,20,"Random: 0.5|Meta Mixer: 18 players|Tit For Tat|Meta Winner: 18 players|Win-Stay Lose-Shift|Anti Tit For Tat|Suspicious Tit For Tat|Grudger|Alternator|Win-Shift Lose-Stay: D|Evolved HMM 5|GTFT: 0.33|Bully|Tit For 2 Tats|Cooperator|Soft Joss: 0.9|Cycler DC|DoubleCrosser: (D, D)|Evolved FSM 16|Defector"
233,3,0,5,1,0.0,0.01,97,112,9,"Cycler DC|Win-Shift Lose-Stay: D|GTFT: 0.33|Bully|Evolved HMM 5|Suspicious Tit For Tat|Meta Mixer: 8 players|Soft Joss: 0.9|DoubleCrosser: (D, D)"
234,3,0,5,1,0.03,0.03,68,4,19,"DoubleCrosser: (D, D)|Cooperator|Meta Winner: 17 players|Cycler DC|Evolved HMM 5|Win-Stay Lose-Shift|Soft Joss: 0.9|Evolved FSM 16|Anti Tit For Tat|Grudger|Tit For 2 Tats|GTFT: 0.33|Random: 0.5|Suspicious Tit For Tat|Tit For Tat|Bully|Meta Mixer: 17 players|Win-Shift Lose-Stay: D|Defector"
235,3,0,5,1,0.07,0.06,70,10,8,Win-Shift Lose-Stay: D|Tit For 2 Tats|Cycler DC|Meta Mixer: 7 players|Anti Tit For Tat|Suspicious Tit For Tat|Defector|Grudger
236,3,0,5,1,0.02,0.07,44,96,3,GTFT: 0.33|Win-Stay Lose-Shift|Meta Mixer: 2 players
237,3,0,5,1,0.03,0.05,99,176,6,Tit For Tat|Cycler DC|Win-Stay Lose-Shift|Soft Joss: 0.9|GTFT: 0.33|Meta Mixer: 5 players
238,3,0,5,1,0.07,0.06,21,49,17,"Suspicious Tit For Tat|DoubleCrosser: (D, D)|Random: 0.5|Evolved HMM 5|Grudger|Meta Mixer: 15 players|Alternator|Win-Shift Lose-Stay: D|Bully|Anti Tit For Tat|Cycler DC|Tit For 2 Tats|Meta Winner: 15 players|GTFT: 0.33|Win-Stay Lose-Shift|Defector|Soft Joss: 0.9"
239,3,0,5,1,0.02,0.09,35,15,10,Anti Tit For Tat|Soft Joss: 0.9|Meta Winner: 9 players|Grudger|Suspicious Tit For Tat|Cycler DC|Defector|Tit For Tat|Win-Shift Lose-Stay: D|Random: 0.5
240,3,0,5,1,0.06,0.01,13,62,14,Random: 0.5|Soft Joss: 0.9|Defector|Meta Winner: 13 players|Grudger|Evolved FSM 16|Bully|Cycler DC|Evolved HMM 5|Anti Tit For Tat|Tit For 2 Tats|Alternator|Suspicious Tit For Tat|Win-Shift Lose-Stay: D
241,3,0,5,1,0.02,0.06,37,57,10,"Suspicious Tit For Tat|Win-Shift Lose-Stay: D|DoubleCrosser: (D, D)|Evolved HMM 5|Alternator|Evolved FSM 16|Tit For 2 Tats|Soft Joss: 0.9|GTFT: 0.33|Random: 0.5"
242,3,0,5,1,0.05,0.01,32,154,3,Tit For Tat|Win-Shift Lose-Stay: D|Win-Stay Lose-Shift
243,3,0,5,1,0.07,0.07,45,109,15,Grudger|Soft Joss: 0.9|Win-Shift Lose-Stay: D|Suspicious Tit For Tat|Meta Mixer: 13 players|Cycler DC|GTFT: 0.33|Evolved FSM 16|Win-Stay Lose-Shift|Evolved HMM 5|Meta Winner: 13 players|Anti Tit For Tat|Alternator|Random: 0.5|Defector
244,3,0,5,1,0.1,0.08,81,166,12,"Win-Stay Lose-Shift|Cooperator|Random: 0.5|Bully|GTFT: 0.33|Cycler DC|Evolved FSM 16|Defector|Soft Joss: 0.9|Grudger|DoubleCrosser: (D, D)|Meta Mixer: 11 players"
245,3,0,5,1,0.01,0.08,17,154,15,"GTFT: 0.33|Cycler DC|Alternator|Random: 0.5|Win-Stay Lose-Shift|Meta Mixer: 14 players|Suspicious Tit For Tat|DoubleCrosser: (D, D)|Tit For 2 Tats|Evolved FSM 16|Evolved HMM 5|Cooperator|Defector|Tit For Tat|Grudger"
246,3,0,5,1,0.02,0.05,70,172,14,"Evolved HMM 5|Win-Stay Lose-Shift|Defector|Evolved FSM 16|Meta Mixer: 12 players|Anti Tit For Tat|Tit For Tat|Bully|Grudger|Cycler DC|Win-Shift Lose-Stay: D|Tit For 2 Tats|Meta Winner: 12 players|DoubleCrosser: (D, D)"
247,3,0,5,1,0.01,0.04,49,108,13,Grudger|Win-Shift Lose-Stay: D|Win-Stay Lose-Shift|Soft Joss: 0.9|Cooperator|Tit For Tat|Alternator|GTFT: 0.33|Evolved FSM 16|Meta Winner: 12 players|Tit For 2 Tats|Anti Tit For Tat|Evolved HMM 5
248,3,0,5,1,0.09,0.05,97,98,19,"Win-Stay Lose-Shift|DoubleCrosser: (D, D)|Anti Tit For Tat|Cycler DC|Evolved HMM 5|Cooperator|Defector|Suspicious Tit For Tat|Meta Winner: 17 players|Tit For Tat|Bully|Meta Mixer: 17 players|Grudger|Tit For 2 Tats|Alternator|Soft Joss: 0.9|GTFT: 0.33|Random: 0.5|Win-Shift Lose-Stay: D"
249,3,0,5,1,0.03,0.01,67,71,9,Defector|Meta Mixer: 7 players|Meta Winner: 7 players|Random: 0.5|Bully|Evolved HMM 5|Win-Stay Lose-Shift|Suspicious Tit For Tat|GTFT: 0.33
250,3,0,5,1,0.04,0.04,71,99,3,Anti Tit For Tat|Evolved FSM 16|Suspicious Tit For Tat
